episode_id,podcast_id,title,release_date,duration_seconds
epi_df3c907e26,pod_a56eccdf93,Episode 1,2024-09-18,3104
epi_45f1536a96,pod_e71048312b,Episode 2,2024-07-22,3801
epi_5d97fb5e2b,pod_e71048312b,Episode 3,2025-08-15,2223
epi_b82c2d7cdc,pod_30ad49d1c8,Episode 4,2025-11-10,4981
epi_ee8c7011d5,pod_8ffc19cced,Episode 5,2025-09-28,4537
epi_8529e2ed28,pod_e71048312b,Episode 6,2024-10-26,4582
epi_0e6fc5fdc2,pod_8ffc19cced,Episode 7,2025-03-08,1204
epi_be5f337284,pod_68be14d880,Episode 8,2024-11-22,2530
epi_a2b098d528,pod_e71048312b,Episode 9,2024-12-21,1908
epi_ab03f748c9,pod_fbe44d1bd1,Episode 10,2025-01-11,4321
epi_71ce44cee6,pod_e229a58b2d,Episode 11,2024-12-20,2534
epi_ade90eeb13,pod_a39ef9c05b,Episode 12,2025-11-26,977
epi_cb9f4fab8c,pod_e5922b4eb3,Episode 13,2025-09-13,2109
epi_42570a1d35,pod_3aef11b3aa,Episode 14,2024-07-16,5060
epi_f68383e360,pod_2a23b03fda,Episode 15,2025-02-25,4468
epi_fd99f9d134,pod_a39ef9c05b,Episode 16,2025-04-10,3405
epi_6deb2bba10,pod_68be14d880,Episode 17,2025-01-28,1693
epi_f3eaa89d33,pod_aaf2821184,Episode 18,2025-06-25,3285
epi_7b68a0f8ca,pod_8db3f4ec65,Episode 19,2025-06-22,3826
epi_70b38de541,pod_4fec0a2bc0,Episode 20,2025-03-02,2506
epi_fffb0f3250,pod_a39ef9c05b,Episode 21,2025-07-19,3467
epi_def6af3c68,pod_e5922b4eb3,Episode 22,2024-08-21,3167
epi_7ad581ca2e,pod_9ecde676ce,Episode 23,2025-04-04,997
epi_960455560c,pod_f5a6be3bf1,Episode 24,2024-12-01,4792
epi_1960247f80,pod_a39ef9c05b,Episode 25,2024-06-12,1608
epi_03adc2723f,pod_a56eccdf93,Episode 26,2024-08-22,5075
epi_b48b099724,pod_3aef11b3aa,Episode 27,2025-01-27,4551
epi_b9602b03d3,pod_0043b392d0,Episode 28,2025-09-03,3179
epi_0fa0f70d84,pod_3bd21ef6db,Episode 29,2025-05-03,1851
epi_f0fbcc106d,pod_3bd21ef6db,Episode 30,2025-02-14,2335
epi_5374b0822c,pod_f5a6be3bf1,Episode 31,2025-01-05,3748
epi_81780ac614,pod_8ffc19cced,Episode 32,2025-05-15,1411
epi_e97bac8271,pod_2a23b03fda,Episode 33,2025-11-15,2200
epi_5081948a0d,pod_e0a209c2b8,Episode 34,2025-07-16,4091
epi_81a888e0df,pod_68be14d880,Episode 35,2025-01-11,768
epi_888c4c6ce7,pod_0043b392d0,Episode 36,2025-02-27,4964
epi_5a58e1e286,pod_fbe44d1bd1,Episode 37,2025-10-30,851
epi_9988d05e11,pod_9ecde676ce,Episode 38,2025-12-12,3474
epi_a4e779137e,pod_570677fab2,Episode 39,2024-09-03,572
epi_c39bc5ffe5,pod_4965c83432,Episode 40,2024-12-27,3700
epi_f2bd927f27,pod_c83a05b1a4,Episode 41,2025-11-03,4033
epi_663188493b,pod_692a863c93,Episode 42,2024-12-29,2557
epi_fce45bab25,pod_7f6f0970b2,Episode 43,2025-01-16,4687
epi_b89e8c025d,pod_e71048312b,Episode 44,2025-11-12,1990
epi_084e6662f2,pod_4965c83432,Episode 45,2024-10-06,1109
epi_846b126bc7,pod_30ad49d1c8,Episode 46,2024-06-19,957
epi_0087ad003a,pod_4fec0a2bc0,Episode 47,2025-10-24,923
epi_eba8852bb1,pod_68be14d880,Episode 48,2024-10-16,2438
epi_9fc7ced863,pod_3aef11b3aa,Episode 49,2024-07-28,3932
epi_ac4e57d503,pod_8ffc19cced,Episode 50,2024-12-22,2569
epi_f066fc8398,pod_5df5c204ce,Episode 51,2025-08-10,4843
epi_f955dbf049,pod_adc62c15e2,Episode 52,2024-10-19,2992
epi_8b69d897be,pod_7f6f0970b2,Episode 53,2025-08-04,2352
epi_acdd064502,pod_f5a6be3bf1,Episode 54,2025-06-10,3283
epi_7d35bda596,pod_e5922b4eb3,Episode 55,2024-06-15,1593
epi_8c5a4d75b7,pod_a39ef9c05b,Episode 56,2024-10-17,4863
epi_f16fddc593,pod_2a23b03fda,Episode 57,2025-01-22,1746
epi_4ea411a5df,pod_7f6f0970b2,Episode 58,2024-10-03,2840
epi_f6a942be33,pod_570677fab2,Episode 59,2025-05-19,1507
epi_8985cbbaef,pod_692a863c93,Episode 60,2025-01-23,3246
epi_873337b934,pod_8ffc19cced,Episode 61,2025-06-29,4903
epi_727bd80f61,pod_9ecde676ce,Episode 62,2025-03-24,1570
epi_01d0ba7c6a,pod_ba6738ab26,Episode 63,2025-03-04,5053
epi_bd5fd8548f,pod_3aef11b3aa,Episode 64,2024-06-27,2936
epi_093cc7c56e,pod_692a863c93,Episode 65,2025-05-17,2308
epi_0de4e80d2e,pod_8ffc19cced,Episode 66,2025-05-05,2359
epi_7304dc859f,pod_adc62c15e2,Episode 67,2025-01-27,2077
epi_8a58bc7828,pod_68be14d880,Episode 68,2025-02-26,412
epi_c4e8e57c97,pod_a39ef9c05b,Episode 69,2025-03-02,2210
epi_2afaa61f9b,pod_68be14d880,Episode 70,2025-04-06,2917
epi_d7d8bf599a,pod_ba6738ab26,Episode 71,2025-10-24,3165
epi_5fff045672,pod_3bd21ef6db,Episode 72,2025-07-05,2713
epi_efefa5c907,pod_68be14d880,Episode 73,2024-12-26,1590
epi_064d581ad2,pod_8ffc19cced,Episode 74,2025-03-12,2851
epi_663efe65f3,pod_30ad49d1c8,Episode 75,2025-11-10,1309
epi_f28ce49353,pod_04a791290a,Episode 76,2024-11-04,2810
epi_a9b58221ab,pod_9ecde676ce,Episode 77,2025-01-24,1762
epi_4f5f3fb954,pod_a56eccdf93,Episode 78,2024-10-16,1629
epi_8cc1791460,pod_e0a209c2b8,Episode 79,2025-04-09,529
epi_f83f3e3dd3,pod_2a23b03fda,Episode 80,2024-07-09,5213
epi_c1e35bedf3,pod_ba6738ab26,Episode 81,2024-12-23,2314
epi_7be1873915,pod_3bd21ef6db,Episode 82,2025-12-31,1479
epi_57ebf9acaf,pod_a39ef9c05b,Episode 83,2025-09-16,952
epi_93c1db10e7,pod_4965c83432,Episode 84,2025-03-23,2636
epi_9432b55df3,pod_8623d3fbd4,Episode 85,2025-10-27,1443
epi_712f26b469,pod_c83a05b1a4,Episode 86,2025-12-04,1325
epi_7c270d65b5,pod_e229a58b2d,Episode 87,2024-10-15,4481
epi_6464c374a3,pod_2a23b03fda,Episode 88,2024-08-15,1041
epi_b337c35182,pod_ba6738ab26,Episode 89,2025-06-24,3300
epi_145f3317fe,pod_8ffc19cced,Episode 90,2025-09-04,1813
epi_1d077a5c8b,pod_aaf2821184,Episode 91,2025-05-20,1126
epi_5a511fee18,pod_04a791290a,Episode 92,2025-12-08,4328
epi_5b768ce157,pod_68be14d880,Episode 93,2025-12-16,4854
epi_1fa805e803,pod_9ecde676ce,Episode 94,2024-12-21,905
epi_eea76c134c,pod_f5a6be3bf1,Episode 95,2024-11-28,1706
epi_b85ea597ba,pod_68be14d880,Episode 96,2025-03-30,1709
epi_ea01ee18bf,pod_4965c83432,Episode 97,2024-12-31,4551
epi_b288b8f71a,pod_692a863c93,Episode 98,2025-09-03,1516
epi_eba7ff25a8,pod_e71048312b,Episode 99,2024-12-23,445
epi_6a2c89fc18,pod_3bd21ef6db,Episode 100,2024-10-07,1191
epi_d4ba40e28c,pod_adc62c15e2,Episode 101,2024-07-18,2271
epi_1229fc565f,pod_e229a58b2d,Episode 102,2025-01-12,4895
epi_0df2749873,pod_4965c83432,Episode 103,2025-11-26,854
epi_95f67d2f07,pod_e229a58b2d,Episode 104,2025-01-31,2020
epi_df3c63da7d,pod_04a791290a,Episode 105,2025-01-23,2837
epi_d1fd1fa9d6,pod_c1db14e374,Episode 106,2025-11-26,2810
epi_885281184b,pod_2a23b03fda,Episode 107,2025-06-02,2954
epi_73f5593b4b,pod_8623d3fbd4,Episode 108,2025-06-13,4274
epi_eae336781a,pod_3bd21ef6db,Episode 109,2025-07-13,1391
epi_22d5608727,pod_3bd21ef6db,Episode 110,2025-01-13,2303
epi_ec88cc366f,pod_4fec0a2bc0,Episode 111,2025-06-14,3000
epi_e9b68a4b8a,pod_4fec0a2bc0,Episode 112,2024-12-16,2390
epi_0cbc3888f2,pod_4965c83432,Episode 113,2025-08-28,1514
epi_f25baa556e,pod_7f6f0970b2,Episode 114,2025-04-20,2862
epi_d90e1231ba,pod_68be14d880,Episode 115,2024-10-05,1178
epi_a9494133ec,pod_fbe44d1bd1,Episode 116,2025-02-12,3139
epi_b689da864d,pod_8ffc19cced,Episode 117,2025-08-25,1072
epi_f9a407e18e,pod_adc62c15e2,Episode 118,2025-07-29,1908
epi_aaf4c75689,pod_692a863c93,Episode 119,2024-10-05,1937
epi_ad0822ed24,pod_3aef11b3aa,Episode 120,2025-04-11,5033
epi_4e2999964d,pod_f5a6be3bf1,Episode 121,2024-06-13,4712
epi_75ece8808f,pod_8623d3fbd4,Episode 122,2025-09-05,928
epi_f0f24935b7,pod_adc62c15e2,Episode 123,2025-01-30,360
epi_554343c582,pod_8ffc19cced,Episode 124,2025-05-11,1069
epi_2d66b33437,pod_3bd21ef6db,Episode 125,2025-04-29,3775
epi_d170c98664,pod_3aef11b3aa,Episode 126,2025-07-18,4540
epi_da05c90deb,pod_30ad49d1c8,Episode 127,2024-07-23,3942
epi_1f60d46359,pod_e71048312b,Episode 128,2025-06-17,3266
epi_66a07390d6,pod_4965c83432,Episode 129,2024-07-05,979
epi_645be532b0,pod_4fec0a2bc0,Episode 130,2024-09-24,3685
epi_4e132fa300,pod_e229a58b2d,Episode 131,2024-06-04,2211
epi_05fa3c96f9,pod_2a23b03fda,Episode 132,2024-08-29,421
epi_26d485a132,pod_0043b392d0,Episode 133,2024-11-14,3803
epi_7d796b6df3,pod_c1db14e374,Episode 134,2025-10-08,473
epi_64e8d400e3,pod_e0a209c2b8,Episode 135,2024-07-05,586
epi_a82c34affe,pod_2a23b03fda,Episode 136,2025-08-15,2934
epi_2a37101ac0,pod_2a23b03fda,Episode 137,2025-06-13,3822
epi_924bf38499,pod_692a863c93,Episode 138,2024-10-11,1752
epi_3f79340193,pod_5df5c204ce,Episode 139,2025-07-05,1538
epi_5e97f26242,pod_04a791290a,Episode 140,2024-12-08,4870
epi_87e2958a70,pod_8ffc19cced,Episode 141,2025-08-17,2566
epi_6066e13c1f,pod_a56eccdf93,Episode 142,2025-04-20,3886
epi_a6a49e1b26,pod_3aef11b3aa,Episode 143,2025-09-12,5199
epi_88ae1b09e9,pod_e71048312b,Episode 144,2025-10-20,4651
epi_9c4260dbfb,pod_9ecde676ce,Episode 145,2025-07-10,1100
epi_7d7d949400,pod_e0a209c2b8,Episode 146,2025-03-05,4314
epi_d77c23ef5f,pod_e71048312b,Episode 147,2025-12-31,1137
epi_c8d4d52cdb,pod_c1db14e374,Episode 148,2025-05-05,4613
epi_c299a17f5a,pod_2a23b03fda,Episode 149,2025-02-10,3608
epi_7cb20f67aa,pod_fbe44d1bd1,Episode 150,2025-11-10,4568
epi_e4c07e824a,pod_5df5c204ce,Episode 151,2025-07-07,4969
epi_f298be2dab,pod_68be14d880,Episode 152,2024-12-27,5098
epi_e1a6362bd9,pod_4965c83432,Episode 153,2025-06-11,2499
epi_354b6572e2,pod_3bd21ef6db,Episode 154,2025-11-19,1310
epi_42814bb905,pod_68be14d880,Episode 155,2025-08-08,520
epi_5dac5eaa88,pod_e229a58b2d,Episode 156,2024-09-17,5157
epi_6fd7888e1d,pod_e0a209c2b8,Episode 157,2024-09-17,3170
epi_64fd889dfa,pod_fbe44d1bd1,Episode 158,2025-09-17,625
epi_265610a62a,pod_e5922b4eb3,Episode 159,2024-07-28,2441
epi_60d5cef9d2,pod_5df5c204ce,Episode 160,2024-07-06,2650
epi_fc747ba14b,pod_fbe44d1bd1,Episode 161,2025-11-09,2257
epi_cc1c0fce21,pod_04a791290a,Episode 162,2024-12-03,786
epi_58c7f61aac,pod_68be14d880,Episode 163,2025-11-05,4242
epi_3d1e181e04,pod_04a791290a,Episode 164,2025-11-17,1656
epi_eabac40256,pod_3bd21ef6db,Episode 165,2025-02-04,3111
epi_ad6aeba069,pod_e229a58b2d,Episode 166,2024-10-22,3544
epi_87c1b3892a,pod_c83a05b1a4,Episode 167,2024-07-11,557
epi_fe1c9050b2,pod_e0a209c2b8,Episode 168,2024-07-18,4805
epi_b5d6a08b9e,pod_e0a209c2b8,Episode 169,2025-11-26,353
epi_7ffb519545,pod_e229a58b2d,Episode 170,2025-10-07,590
epi_194b4b188d,pod_aaf2821184,Episode 171,2024-09-30,1229
epi_03a06892a4,pod_e71048312b,Episode 172,2025-01-18,4455
epi_fab70d670e,pod_7f6f0970b2,Episode 173,2025-06-01,5102
epi_a9ada448c6,pod_04a791290a,Episode 174,2024-08-02,5229
epi_c09da3eb2a,pod_e5922b4eb3,Episode 175,2025-08-02,5241
epi_4ce9ecde6d,pod_8db3f4ec65,Episode 176,2024-11-14,4355
epi_638a43c60b,pod_adc62c15e2,Episode 177,2024-07-23,1296
epi_dd80165b34,pod_a39ef9c05b,Episode 178,2025-07-03,3189
epi_20c2e619aa,pod_30ad49d1c8,Episode 179,2024-09-01,4794
epi_1bcf507eab,pod_a39ef9c05b,Episode 180,2024-07-25,4228
epi_5b078ce15d,pod_4965c83432,Episode 181,2025-03-26,1154
epi_6a59a21550,pod_adc62c15e2,Episode 182,2025-06-11,2533
epi_96f0bd0546,pod_e229a58b2d,Episode 183,2024-12-31,2071
epi_caae44d0f9,pod_3bd21ef6db,Episode 184,2025-02-11,374
epi_d952ff83c5,pod_7f6f0970b2,Episode 185,2024-08-24,4122
epi_3cb46d83ea,pod_4965c83432,Episode 186,2025-03-06,1753
epi_76e2beba79,pod_7f6f0970b2,Episode 187,2025-08-08,1447
epi_5f1156db04,pod_c1db14e374,Episode 188,2024-11-23,3313
epi_d3ab97826c,pod_8db3f4ec65,Episode 189,2025-02-21,2452
epi_aa5ff8789c,pod_a39ef9c05b,Episode 190,2025-09-05,2881
epi_a028fb2d97,pod_692a863c93,Episode 191,2025-10-29,1105
epi_93634437fe,pod_8ffc19cced,Episode 192,2024-11-24,4170
epi_78bb8b6d5c,pod_8ffc19cced,Episode 193,2024-06-11,1483
epi_44dcb77b20,pod_aaf2821184,Episode 194,2024-08-19,3595
epi_d657307fd9,pod_2a23b03fda,Episode 195,2025-06-22,1251
epi_7b987ba739,pod_570677fab2,Episode 196,2025-11-23,385
epi_61eee9e710,pod_3aef11b3aa,Episode 197,2025-11-09,2955
epi_783e510aec,pod_e5922b4eb3,Episode 198,2025-01-05,2971
epi_850a17ab36,pod_9ecde676ce,Episode 199,2025-03-29,4392
epi_a193a2bcef,pod_5df5c204ce,Episode 200,2024-07-29,3468
