user_id,signup_date,country
usr_9cc5e23781,2025-06-11,BR
usr_4e5a277885,2024-10-22,IE
usr_1c166731d7,2025-03-30,NL
usr_45945a0181,2025-03-09,IT
usr_87e6c4f7bd,2025-01-10,ES
usr_eda4135eaa,2025-12-03,NL
usr_a6b814b108,2024-08-24,UK
usr_2673d8857d,2025-02-02,IT
usr_8a0ab4a451,2025-08-30,PL
usr_0873b1f518,2024-07-23,ES
usr_002641109e,2025-03-14,PL
usr_9c75e0546b,2025-09-17,SE
usr_e0f1b4284d,2025-12-04,IT
usr_cf3005d2c8,2025-03-20,NL
usr_3d0cb6b728,2025-09-20,ES
usr_5f72256383,2025-12-15,IE
usr_f7faf46313,2024-12-15,NL
usr_12ff1ebc04,2025-01-20,UK
usr_72cc6caac1,2025-09-28,ES
usr_89d44872d0,2025-07-02,NL
usr_550a498db7,2025-07-13,ES
usr_4caef7f6f6,2025-10-08,PL
usr_4bb8738d27,2024-08-24,UK
usr_76cac8e506,2025-10-17,SE
usr_a3655d5570,2025-03-06,IE
usr_cac517176f,2025-04-29,SE
usr_10eaaf7b91,2024-07-06,ES
usr_3e16c37a3a,2024-11-15,NL
usr_d2c41ed523,2024-09-03,PL
usr_e285c9171f,2025-08-06,UK
usr_d96c14b37f,2025-12-01,NL
usr_a4d21f31cc,2025-02-18,ES
usr_d8a047d020,2024-08-28,UK
usr_96f6a61af7,2025-05-18,NL
usr_417535a82e,2024-08-10,PL
usr_19070e6e0f,2025-07-04,IE
usr_79a3e3134d,2024-12-25,SE
usr_9146a09d50,2025-11-05,UK
usr_0536237de5,2025-12-06,NL
usr_4c7e9f1978,2025-07-22,NL
usr_3fbde254c4,2024-06-24,ES
usr_23b720c1a8,2025-06-08,UK
usr_35b64fab1c,2024-09-10,BR
usr_42d79ec20a,2024-08-05,ES
usr_09ea5cf500,2025-06-19,IT
usr_a8ea98736b,2024-11-12,ES
usr_8efc89e9da,2024-09-13,BR
usr_0c08aa1860,2024-10-27,IE
usr_0937fbfbde,2024-07-28,SE
usr_f14ac454a3,2024-11-12,BR
usr_3c2e47ce18,2025-10-09,PL
usr_129ed2ad3f,2025-08-06,IE
usr_2c2501df4e,2025-04-07,IE
usr_70cd217c12,2024-08-17,UK
usr_f855b3f731,2025-08-03,UK
usr_0c6f574085,2024-07-07,UK
usr_8941c6827a,2025-09-14,BR
usr_a92a999985,2025-03-24,UK
usr_83159f5c42,2025-02-22,IE
usr_d3ee9ceca7,2025-06-02,UK
usr_8ef8d6cdc6,2024-09-21,ES
usr_af22967d11,2025-03-05,NL
usr_8a4eb58c18,2025-01-20,IE
usr_bda90aace2,2025-04-09,IT
usr_3a7fa8b621,2025-12-20,PL
usr_796d878705,2025-11-04,NL
usr_30da4c320c,2025-05-24,SE
usr_dd4f0e2f15,2025-07-19,UK
usr_0801283ef9,2024-07-25,ES
usr_b34ffdfc14,2025-04-15,IT
usr_09abdb9541,2025-06-14,IE
usr_b616c164d9,2024-09-28,IE
usr_973a579e01,2024-11-27,BR
usr_5755e5ce96,2024-10-31,ES
usr_b3e18cd2b5,2024-06-12,IE
usr_9a99f99eb4,2024-08-22,UK
usr_600b2e24fb,2025-08-05,PL
usr_6c56986a46,2025-05-22,SE
usr_0e1abcc91a,2024-07-04,IT
usr_e5460275f4,2025-05-17,ES
usr_bf4a54ac16,2024-06-06,PL
usr_4fd63118b4,2025-08-25,PL
usr_42a8104a35,2025-05-19,BR
usr_4eadb852a9,2024-10-14,UK
usr_6ad39ee775,2025-09-03,IE
usr_4ac8735453,2024-10-31,IT
usr_02db3fd4b0,2024-07-12,SE
usr_455d0f8280,2024-06-26,ES
usr_458f9e0f6b,2025-03-23,IE
usr_cfe0abd97e,2024-11-25,UK
usr_790c3d8c5f,2024-11-06,UK
usr_ab36ed7168,2025-11-04,UK
usr_8a8f8658a8,2025-12-26,UK
usr_fe06cc8e10,2024-06-25,UK
usr_450f17a33e,2024-06-21,NL
usr_eecf8669d2,2024-11-05,IT
usr_157f3e466b,2025-06-23,IT
usr_5775be6e38,2024-11-07,IT
usr_db762d5254,2025-06-05,ES
usr_a5f440ae87,2025-09-28,NL
usr_dff06d0a10,2025-03-21,UK
usr_52e109a619,2024-12-02,BR
usr_b8d08cb198,2025-08-24,UK
usr_f176735343,2025-08-21,IT
usr_664cc6f699,2024-11-30,IT
usr_55472dc0e7,2025-06-26,ES
usr_0177f2beed,2025-02-27,NL
usr_09504af238,2025-06-10,PL
usr_2981e7133d,2024-07-31,IE
usr_01aa1e9329,2025-11-01,UK
usr_4eb96cda91,2025-01-30,IE
usr_4cc806c493,2024-12-03,NL
usr_74e8d49be1,2025-08-06,UK
usr_1d93dabd77,2025-08-14,NL
usr_9ffc0b64e4,2025-04-28,NL
usr_7bad1224ee,2025-10-06,ES
usr_3366223bdf,2024-10-27,UK
usr_7dcb7f68e3,2024-12-09,IE
usr_3081a64466,2024-06-20,UK
usr_16a2d6c960,2025-04-08,NL
usr_b4f8bab5b3,2025-07-26,BR
usr_3a04c73457,2025-09-11,UK
usr_1089f9905f,2025-03-06,SE
usr_b4861053c0,2024-08-11,NL
usr_4ee77af004,2025-05-28,IT
usr_d90081fe3a,2024-12-30,UK
usr_31fa3cf85b,2024-06-11,BR
usr_7bf28d157a,2025-08-23,NL
usr_905060c4cd,2025-01-21,IE
usr_9d20d38132,2025-06-16,UK
usr_a87329a05c,2024-12-07,UK
usr_01ab5ea421,2025-12-26,UK
usr_7290e2889c,2025-05-29,IE
usr_1b804f4a50,2025-07-02,UK
usr_89e3ea025b,2025-07-09,IE
usr_88f979d10e,2025-01-13,ES
usr_3e20624c18,2025-05-29,UK
usr_9a5cf290cb,2025-12-05,UK
usr_6beefbd74a,2025-05-13,UK
usr_a431f1e5f4,2024-06-05,UK
usr_b91f4b1c49,2025-05-13,BR
usr_334513b9d9,2024-07-30,UK
usr_f86fbd6c84,2025-06-25,PL
usr_b8851d031e,2025-05-20,NL
usr_1201d3d757,2024-09-29,UK
usr_1b0522934c,2025-06-02,ES
usr_7f9641d246,2024-10-31,UK
usr_6a9063de26,2025-08-01,SE
usr_13a05b7d34,2025-05-13,ES
usr_fd7f2a2d9b,2025-09-27,UK
usr_2abcb3b842,2025-08-16,IT
usr_1d0c983bc2,2025-01-15,UK
usr_1ebb27e579,2025-08-15,IT
usr_843f368f6c,2025-01-02,UK
usr_d15423f982,2025-06-15,IT
usr_9cfcfcdca6,2024-11-28,SE
usr_d34e71c2c8,2025-08-17,SE
usr_77e31e8610,2025-04-17,PL
usr_a947db40fa,2025-04-24,ES
usr_19a4aed1bc,2025-06-25,IT
usr_ff9f348373,2025-06-04,NL
usr_35299be6b5,2025-04-18,NL
usr_124466d6c6,2025-05-25,UK
usr_7c2f900899,2025-04-15,IE
usr_7d401799e1,2024-08-12,UK
usr_c8a0fb1985,2024-12-16,SE
usr_daa105445e,2025-11-28,IT
usr_c33cfe307a,2025-03-12,UK
usr_92c41ce0c2,2025-06-22,NL
usr_29818ae857,2025-04-13,UK
usr_5ac1c38f2e,2025-03-29,PL
usr_4ffab6a086,2025-02-16,PL
usr_e8361ab06f,2024-12-26,IE
usr_687b8be2e9,2025-11-08,PL
usr_502caf62ea,2025-01-12,SE
usr_604015a28b,2024-08-18,IE
usr_2f50998652,2024-08-30,PL
usr_2fe8d9dc3e,2025-10-31,NL
usr_05c6e414ff,2025-12-17,UK
usr_4fb6e40668,2024-12-05,PL
usr_c4ce138588,2025-09-27,PL
usr_2549b15396,2025-03-11,UK
usr_2b4764407b,2024-11-27,IT
usr_1aca85c170,2024-11-02,IT
usr_3b5ccd4261,2025-10-02,ES
usr_a990dbb74d,2024-07-05,UK
usr_3c681ef07b,2024-08-29,SE
usr_4062efa172,2024-12-14,PL
usr_ec037f6f4a,2024-12-01,UK
usr_3c0d308a20,2025-02-26,PL
usr_8763c469ec,2024-10-08,ES
usr_c9179def44,2025-12-03,PL
usr_0682025953,2024-12-15,IT
usr_eaa039f7da,2025-10-24,UK
usr_abb808950c,2025-06-18,UK
usr_7bdc501b6f,2024-10-08,UK
usr_f97601334c,2025-10-23,NL
usr_120bc96b70,2025-05-27,IT
usr_499bccc878,2025-08-29,IT
usr_9b8d1bf627,2024-08-18,BR
usr_58e7252c00,2025-07-31,IE
usr_0ba94d6728,2024-12-10,NL
usr_b56f2c263c,2025-06-15,NL
usr_67782a3052,2025-12-17,SE
usr_2b0b341063,2025-05-15,SE
usr_dea5ea7605,2024-12-13,UK
usr_33114d873a,2025-08-20,UK
usr_56b3a7986e,2025-04-08,BR
usr_7b45e65081,2025-01-03,UK
usr_d928484ef8,2024-10-11,UK
usr_046c4e1190,2024-11-17,SE
usr_3183b9a801,2025-07-22,UK
usr_d19c3749b3,2025-12-29,NL
usr_f9cbc59be0,2025-01-08,PL
usr_da945d234f,2025-06-07,UK
usr_4c15c22ac3,2025-09-03,UK
usr_b9e69fb583,2025-06-22,IE
usr_f0f4f9c009,2025-03-30,SE
usr_31f3699eac,2024-10-26,UK
usr_801b2ca964,2025-12-10,UK
usr_35b8209372,2025-05-12,ES
usr_8dc9f00363,2024-07-24,IT
usr_499afca1f5,2025-01-08,PL
usr_f85c42024d,2025-02-21,PL
usr_1d7dc1b69d,2025-01-12,BR
usr_adc5f1a97d,2025-02-03,PL
usr_ce06e6a606,2025-01-30,ES
usr_646c974998,2024-07-02,IT
usr_c9d8313e2f,2025-10-05,ES
usr_c3d8a1fe6f,2024-08-01,ES
usr_ce7e70f8f2,2024-06-11,UK
usr_94aac51957,2025-07-20,IT
usr_ba4315f11c,2025-01-18,PL
usr_b7fe07b2b7,2025-12-14,IE
usr_2dc162352a,2025-09-24,ES
usr_726a6cdabe,2025-01-31,UK
usr_3c5bd29404,2025-04-12,IT
usr_9125ba59aa,2025-08-20,BR
usr_6bb9b71226,2025-01-15,UK
usr_6130e5d000,2024-12-03,IT
usr_9953c9ff92,2025-07-14,BR
usr_0c269165e4,2025-06-30,IE
usr_31f75984e7,2024-08-05,ES
usr_27853bd7f3,2024-07-23,IE
usr_3d12bde955,2025-11-22,ES
usr_a2f592dce1,2025-07-04,ES
usr_5c2a36ea5d,2025-10-25,IE
usr_258cfa779e,2024-11-18,NL
usr_b7a5c4bedf,2025-07-15,NL
usr_163848d088,2025-08-11,UK
usr_eefb64a1b1,2024-10-07,UK
usr_d434d91f5d,2024-09-26,PL
usr_476c52671a,2025-07-21,SE
usr_d931abb8d1,2024-08-29,ES
usr_92748b5cc8,2024-10-26,BR
usr_b8cfec6848,2024-09-29,UK
usr_0e62583305,2024-10-27,UK
usr_35e24b19f0,2025-06-10,PL
usr_906ab84551,2025-03-20,PL
usr_f4983fb7a2,2025-11-04,IT
usr_ef41833bb7,2025-03-22,ES
usr_ef9a72822d,2025-03-31,NL
usr_4d256e4acf,2024-07-22,IE
usr_2435327822,2025-07-25,ES
usr_a8420b4bc5,2025-08-16,UK
usr_e276ab4be1,2025-04-03,IE
usr_7958acd457,2024-11-07,IE
usr_2454ed4e02,2025-12-28,SE
usr_4e5f820ecc,2024-06-18,UK
usr_81b580c120,2025-02-26,BR
usr_e98a3149bb,2024-08-28,SE
usr_49791f8a53,2025-10-15,NL
usr_b82279d8cd,2025-08-05,BR
usr_a225c5834a,2025-06-10,ES
usr_340d80ebd0,2024-10-31,IT
usr_19e9acb2e3,2025-02-05,NL
usr_673100b81a,2024-06-14,BR
usr_bf33df8700,2025-11-12,ES
usr_f7d74975be,2025-05-08,IE
usr_59b510497b,2025-02-20,ES
usr_172c1ca40a,2025-11-08,NL
usr_1af2fa6d7f,2025-01-10,NL
usr_b631ef603a,2025-03-06,IT
usr_b64188478b,2025-08-09,PL
usr_3480f0f0cc,2025-08-25,NL
usr_7af192e883,2025-07-11,IT
usr_316c9a9f04,2025-10-25,NL
usr_27ca50a71b,2025-06-29,UK
usr_cad257f25f,2025-10-17,UK
usr_59dc166db9,2025-08-07,IE
usr_9aab146109,2025-07-06,BR
usr_b29f1ef792,2024-12-13,IE
usr_48695b2f26,2025-08-22,SE
usr_28cb760299,2025-04-01,ES
usr_7d60accf14,2024-06-01,IT
usr_e1575c8381,2025-03-06,NL
usr_eec572416e,2024-09-18,IT
usr_22c59e9e1e,2025-10-23,NL
usr_dac413abf1,2025-11-25,NL
usr_fac09015da,2025-05-05,UK
usr_83ba3a4ee5,2024-12-25,UK
usr_9a677640d9,2024-12-02,PL
usr_158d6ef0cc,2025-07-24,IE
usr_f797db8ec6,2024-12-22,SE
usr_64cb98b946,2024-11-05,ES
usr_ecbea5c2f9,2024-10-11,UK
usr_5d52d56729,2024-10-19,UK
usr_cc095bbb2f,2025-10-23,ES
usr_3649e951f7,2024-06-19,UK
usr_da06c64e03,2025-04-16,ES
usr_6b66d2273e,2025-09-22,UK
usr_78f5833ad2,2025-12-26,SE
usr_1645dac658,2025-05-01,BR
usr_808ac4245b,2025-05-02,IE
usr_0029f56776,2025-02-24,SE
usr_eba23daeb3,2024-10-04,ES
usr_ebdf1c223e,2024-09-21,ES
usr_fe98394aeb,2024-11-25,IE
usr_63cd0303a9,2024-10-21,IE
usr_ed3afe7d39,2025-10-21,IT
usr_5685c7545e,2025-07-24,ES
usr_10fc7fc9ab,2024-10-31,SE
usr_f93222d103,2024-10-30,SE
usr_da57bb6192,2025-12-24,IT
usr_f561a5932d,2024-10-20,IE
usr_af7af82fa6,2025-12-30,NL
usr_6ca8c43383,2024-10-17,NL
usr_0e31236aa8,2024-06-06,NL
usr_1bf57abea7,2024-06-01,ES
usr_3ca1d6f446,2025-10-29,SE
usr_ef8dfbdace,2025-06-22,ES
usr_990c616d8b,2025-01-07,BR
usr_b9d4cb5d74,2024-10-11,IE
usr_a9237882b1,2025-09-22,IT
usr_f9bfd3d195,2025-07-16,SE
usr_7edf27a75c,2025-08-19,ES
usr_18f33c175a,2025-10-20,PL
usr_9323cd6a9c,2025-02-06,BR
usr_8e00824752,2024-12-08,BR
usr_38d4e6e544,2025-12-10,UK
usr_0d6f5e0a25,2024-11-30,UK
usr_2bd881bd74,2025-02-02,UK
usr_dcb09a5156,2025-02-28,IE
usr_60a1c7d137,2024-10-20,PL
usr_cbf2537377,2024-11-08,IT
usr_dfc7290358,2025-09-27,PL
usr_c2f6f42fa7,2024-12-28,UK
usr_5b7f4b8578,2025-06-26,IT
usr_3104c649ab,2024-10-09,BR
usr_8a0ff8c728,2025-11-05,PL
usr_60219ee1e4,2025-03-23,PL
usr_bebf6b6d3d,2024-10-21,PL
usr_03b1a66d05,2024-06-15,ES
usr_f232fd4eb1,2024-10-30,IT
usr_a00df0ac64,2025-08-25,IE
usr_b3402f0e6b,2025-07-25,NL
usr_26e7e1b5c9,2024-08-29,IE
usr_3d6f6a4408,2025-03-04,SE
usr_bd27472dbe,2025-09-28,ES
usr_18c46c6def,2025-02-01,NL
usr_0d37f4fcdf,2024-08-26,UK
usr_dec6d53c92,2025-02-08,NL
usr_61499df046,2024-07-21,BR
usr_4c7014070e,2025-07-31,BR
usr_2f07185a35,2024-07-05,SE
usr_b634374217,2025-10-13,SE
usr_d611a56736,2025-07-08,UK
usr_a34bff7779,2024-09-04,UK
usr_8416c4dc9f,2024-12-30,UK
usr_3bbc3c1283,2024-10-07,ES
usr_5db7fb20b3,2025-08-31,IT
usr_b31c691c4f,2025-12-28,IE
usr_dcb6d14f0c,2025-02-20,SE
usr_47d94e6bb6,2025-11-15,IE
usr_bef9a45f59,2025-09-08,IE
usr_36890db52d,2024-11-19,UK
usr_b242a066e7,2024-08-03,UK
usr_f1f98f10f4,2024-07-02,BR
usr_fbeee74e9f,2024-09-14,ES
usr_57227933d1,2024-10-14,IE
usr_17374715c0,2025-01-21,IT
usr_9abe85773d,2024-08-05,IE
usr_df58d9f5c2,2025-03-18,IT
usr_0e01d097c8,2025-03-02,NL
usr_e6a5eadf43,2025-05-16,ES
usr_7f3420bdbe,2025-07-26,BR
usr_9ce2a474b0,2025-10-02,IE
usr_4c132c3aee,2025-08-13,NL
usr_3fb995e8d0,2025-01-11,UK
usr_bf539c7e0e,2025-11-16,IT
usr_5ea40a3a6b,2025-04-09,SE
usr_a856782a04,2025-07-18,UK
usr_368c704b2e,2024-06-25,NL
usr_b64643f467,2025-10-02,PL
usr_82020789e9,2025-10-11,UK
usr_993ce4c9a7,2025-10-23,NL
usr_5ef3374993,2025-05-19,PL
usr_cc4287791f,2024-07-05,IE
usr_b1568722ef,2024-06-18,NL
usr_f6c7dce345,2024-08-13,BR
